DELETE FROM accelerator;
DELETE FROM project;
DELETE FROM acceleratorproject;
DELETE FROM scientificresearch;

-- predefined data for table accelerator
insert into accelerator (id,name) values (1,'LHC');
insert into accelerator (id,name) values (2,'LEIR');
insert into accelerator (id,name) values (3,'SPS');
insert into accelerator (id,name) values (4,'PSB');
insert into accelerator (id,name) values (5,'PS');
insert into accelerator (id,name) values (6,'Linac 3');
insert into accelerator (id,name) values (7,'Linac 4');
insert into accelerator (id,name) values (8,'ISOLDE');

-- predefined data for table project
insert into project (id, name) values (1, 'Pandanus Calc. carb.');
insert into project (id, name) values (2, 'LACTULOSE');
insert into project (id, name) values (3, 'Homeopathic Liquid');
insert into project (id, name) values (4, 'Butalbital, Acetaminophen, and Caffeine');
insert into project (id, name) values (5, 'bupropion hydrochloride');
insert into project (id, name) values (6, 'Benzalkonium Chloride');
insert into project (id, name) values (7, 'Coal Tar');
insert into project (id, name) values (8, 'Meloxicam');
insert into project (id, name) values (9, 'Oxygen');
insert into project (id, name) values (10, 'metoprolol tartrate');
insert into project (id, name) values (11, 'Fentanyl Citrate, Bupivacaine HCl');
insert into project (id, name) values (12, 'PHENYTOIN SODIUM');
insert into project (id, name) values (13, 'Acetaminophen');
insert into project (id, name) values (14, 'CAMPHOR (NATURAL), MENTHOL');
insert into project (id, name) values (15, 'Sertraline');
insert into project (id, name) values (16, 'AMIODARONE HYDROCHLORIDE');
insert into project (id, name) values (17, 'Temozolomide');
insert into project (id, name) values (18, 'Acyclovir');
insert into project (id, name) values (19, 'Candesartan cilexetil');
insert into project (id, name) values (20, 'Acetaminophen, Diphenhydramine HCl');
insert into project (id, name) values (21, 'Octinoxate, Avobenzone, and Octisalate');
insert into project (id, name) values (22, 'norgestimate and ethinyl estradiol');
insert into project (id, name) values (23, 'Althaea officinalis, Natrum carbonicum, Rheum officinals, Verbascum thapsus, Zingiber officinale, Aconitum napellus, Drosera rotundifolia, Kali bichromicum, Lobelia inflata, Phosphorus,');
insert into project (id, name) values (24, 'tapentadol hydrochloride');
insert into project (id, name) values (25, 'Hydrocortisone Valerate');
insert into project (id, name) values (26, 'famotidine, calcium carbonate and magnesium hydroxide');
insert into project (id, name) values (27, 'estradiol');
insert into project (id, name) values (28, 'mucor racemosus');
insert into project (id, name) values (29, 'ampicillin sodium and sulbactam sodium');
insert into project (id, name) values (30, 'MUPIROCIN');
insert into project (id, name) values (31, 'EUCALYPTOL, MENTHOL, METHYL SALICYLATE, THYMOL');
insert into project (id, name) values (32, 'idarubicin hydrochloride');
insert into project (id, name) values (33, 'fentanyl');
insert into project (id, name) values (34, 'methotrexate sodium');
insert into project (id, name) values (35, 'Sodium Fluoride');
insert into project (id, name) values (36, 'Ezetimibe');
insert into project (id, name) values (37, 'fexofenadine hydrochloride');
insert into project (id, name) values (38, 'temazepam');
insert into project (id, name) values (39, 'pioglitazone');
insert into project (id, name) values (40, 'Dextromethorphan HBR, Guaifenesin');
insert into project (id, name) values (41, 'Darkleaves Mugwort');
insert into project (id, name) values (42, 'Benzalkonium Chloride');
insert into project (id, name) values (43, 'Egg Plant');
insert into project (id, name) values (44, 'Betula pendula, cortex, Caltha palustris, Galium aparine, Sedum acre, Thuja occidentalis, Urtica urens, Clematis erecta, Hedera helix, Juniperus communis, Ononis spinosa, Quillaja saponaria, Semperviv');
insert into project (id, name) values (45, 'Acetaminophen, guaifenesin, phenylephrine HCl');
insert into project (id, name) values (46, 'Multi Electrolyte Concentrate');
insert into project (id, name) values (47, 'Pyridostigmine Bromide');
insert into project (id, name) values (48, 'Fexofenadine hydrochloride');
insert into project (id, name) values (49, 'OCTINOXATE');
insert into project (id, name) values (50, 'Chloroquine phosphate');

-- bind projects to accelerators
insert into acceleratorproject (acceleratorid, projectid) values (8, 18);
insert into acceleratorproject (acceleratorid, projectid) values (7, 41);
insert into acceleratorproject (acceleratorid, projectid) values (3, 6);
insert into acceleratorproject (acceleratorid, projectid) values (1, 10);
insert into acceleratorproject (acceleratorid, projectid) values (4, 13);
insert into acceleratorproject (acceleratorid, projectid) values (null, 35);
insert into acceleratorproject (acceleratorid, projectid) values (2, 34);
insert into acceleratorproject (acceleratorid, projectid) values (3, 3);
insert into acceleratorproject (acceleratorid, projectid) values (8, 2);
insert into acceleratorproject (acceleratorid, projectid) values (7, 24);
insert into acceleratorproject (acceleratorid, projectid) values (6, 5);
insert into acceleratorproject (acceleratorid, projectid) values (5, 16);
insert into acceleratorproject (acceleratorid, projectid) values (7, 16);
insert into acceleratorproject (acceleratorid, projectid) values (null, 27);
insert into acceleratorproject (acceleratorid, projectid) values (4, 18);
insert into acceleratorproject (acceleratorid, projectid) values (null, 8);
insert into acceleratorproject (acceleratorid, projectid) values (7, 5);
insert into acceleratorproject (acceleratorid, projectid) values (8, 2);
insert into acceleratorproject (acceleratorid, projectid) values (6, 50);
insert into acceleratorproject (acceleratorid, projectid) values (4, 17);
insert into acceleratorproject (acceleratorid, projectid) values (2, 40);
insert into acceleratorproject (acceleratorid, projectid) values (6, 7);
insert into acceleratorproject (acceleratorid, projectid) values (3, 21);
insert into acceleratorproject (acceleratorid, projectid) values (1, 44);
insert into acceleratorproject (acceleratorid, projectid) values (6, 1);
insert into acceleratorproject (acceleratorid, projectid) values (2, 50);
insert into acceleratorproject (acceleratorid, projectid) values (2, 26);
insert into acceleratorproject (acceleratorid, projectid) values (6, 16);
insert into acceleratorproject (acceleratorid, projectid) values (null, 43);
insert into acceleratorproject (acceleratorid, projectid) values (4, 12);
insert into acceleratorproject (acceleratorid, projectid) values (4, 26);
insert into acceleratorproject (acceleratorid, projectid) values (null, 35);
insert into acceleratorproject (acceleratorid, projectid) values (4, 31);
insert into acceleratorproject (acceleratorid, projectid) values (4, 50);
insert into acceleratorproject (acceleratorid, projectid) values (7, 40);
insert into acceleratorproject (acceleratorid, projectid) values (3, 43);
insert into acceleratorproject (acceleratorid, projectid) values (8, 13);
insert into acceleratorproject (acceleratorid, projectid) values (4, 19);
insert into acceleratorproject (acceleratorid, projectid) values (3, 14);
insert into acceleratorproject (acceleratorid, projectid) values (3, 43);
insert into acceleratorproject (acceleratorid, projectid) values (8, 38);
insert into acceleratorproject (acceleratorid, projectid) values (2, 25);
insert into acceleratorproject (acceleratorid, projectid) values (6, 8);
insert into acceleratorproject (acceleratorid, projectid) values (8, 9);
insert into acceleratorproject (acceleratorid, projectid) values (7, 2);
insert into acceleratorproject (acceleratorid, projectid) values (null, 21);
insert into acceleratorproject (acceleratorid, projectid) values (4, 9);
insert into acceleratorproject (acceleratorid, projectid) values (6, 6);
insert into acceleratorproject (acceleratorid, projectid) values (5, 46);
insert into acceleratorproject (acceleratorid, projectid) values (null, 9);

-- predefined data for table scientificresearch
insert into scientificresearch (projectid, name, numofquotes) values (13, 'Cefdinir', 35);
insert into scientificresearch (projectid, name, numofquotes) values (24, 'Thalidomide', 114);
insert into scientificresearch (projectid, name, numofquotes) values (8, 'METHYLPREDNISOLONE', 64);
insert into scientificresearch (projectid, name, numofquotes) values (28, 'Ciclopirox', 36);
insert into scientificresearch (projectid, name, numofquotes) values (11, 'TRICLOSAN', 20);
insert into scientificresearch (projectid, name, numofquotes) values (12, 'Treatment Set TS344001', 23);
insert into scientificresearch (projectid, name, numofquotes) values (32, 'CEFEPIME', 46);
insert into scientificresearch (projectid, name, numofquotes) values (17, 'Octinoxate and Titanium dioxide', 82);
insert into scientificresearch (projectid, name, numofquotes) values (19, 'Paroxetine Hydrochloride', 51);
insert into scientificresearch (projectid, name, numofquotes) values (21, 'MORPHINE SULFATE', 40);
insert into scientificresearch (projectid, name, numofquotes) values (46, 'Hydrocortisone', 6);
insert into scientificresearch (projectid, name, numofquotes) values (2, 'BACITRACIN ZINC', 37);
insert into scientificresearch (projectid, name, numofquotes) values (40, 'Guaifenesin', 31);
insert into scientificresearch (projectid, name, numofquotes) values (13, 'Avobenzone and Octinoxate', 19);
insert into scientificresearch (projectid, name, numofquotes) values (16, 'Hydrochlorothiazide', 13);
insert into scientificresearch (projectid, name, numofquotes) values (41, 'Zinc Oxide', 40);
insert into scientificresearch (projectid, name, numofquotes) values (32, 'Carduus Viscum', 49);
insert into scientificresearch (projectid, name, numofquotes) values (17, 'alosetron hydrochloride', 4);
insert into scientificresearch (projectid, name, numofquotes) values (45, 'Triclosan', 32);
insert into scientificresearch (projectid, name, numofquotes) values (49, 'KETOROLAC TROMETHAMINE', 17);
insert into scientificresearch (projectid, name, numofquotes) values (34, 'Mometasone Furoate', 69);
insert into scientificresearch (projectid, name, numofquotes) values (2, 'Acetaminophen, Dextromethorphan Hydrobromide, Diphenhydramin', 54);
insert into scientificresearch (projectid, name, numofquotes) values (36, 'Calendula Officinalis, Echinacea Angustifolia, Cantharis Ves', 0);
insert into scientificresearch (projectid, name, numofquotes) values (32, 'ibuprofen', 12);
insert into scientificresearch (projectid, name, numofquotes) values (32, 'Acetaminophen, Phenylephrine HCl', 9);
insert into scientificresearch (projectid, name, numofquotes) values (5, 'Levonorgestrel', 6);
insert into scientificresearch (projectid, name, numofquotes) values (50, 'Propranolol Hydrochloride', 3);
insert into scientificresearch (projectid, name, numofquotes) values (28, 'Etodolac', 36);
insert into scientificresearch (projectid, name, numofquotes) values (22, 'NEUROSPORA INTERMEDIA', 48);
insert into scientificresearch (projectid, name, numofquotes) values (33, 'METHYL SALICYLATE', 53);
insert into scientificresearch (projectid, name, numofquotes) values (48, 'Dexamethasone Sodium Phosphate, Bupivacaine Hydrochloride, P', 30);
insert into scientificresearch (projectid, name, numofquotes) values (32, 'Ibuprofen', 22);
insert into scientificresearch (projectid, name, numofquotes) values (13, 'ARNICA MONTANA ROOT, ATROPA BELLADONNA, CALENDULA OFFICINALI', 12);
insert into scientificresearch (projectid, name, numofquotes) values (33, 'OCTINOXATE, OCTISALATE, OCTOCRYLENE, OXYBENZONE, TITANIUM DI', 37);
insert into scientificresearch (projectid, name, numofquotes) values (22, 'Mecamylamine Hydrochloride', 40);
insert into scientificresearch (projectid, name, numofquotes) values (21, 'Sodium Chloride', 11);
insert into scientificresearch (projectid, name, numofquotes) values (2, 'Aspirin', 3);
insert into scientificresearch (projectid, name, numofquotes) values (38, 'Anticavity Fluoride', 0);
insert into scientificresearch (projectid, name, numofquotes) values (23, 'Divalproex Sodium', 3);
insert into scientificresearch (projectid, name, numofquotes) values (24, 'salmeterol xinafoate', 104);
insert into scientificresearch (projectid, name, numofquotes) values (25, 'Etodolac', 34);
insert into scientificresearch (projectid, name, numofquotes) values (34, 'MENTHOL, METHYL SALICYLATE', 17);
insert into scientificresearch (projectid, name, numofquotes) values (49, 'CALCIUM SULFIDE', 59);
insert into scientificresearch (projectid, name, numofquotes) values (27, 'Hydrochlorothiazide', 44);
insert into scientificresearch (projectid, name, numofquotes) values (48, 'Quinapril', 61);
insert into scientificresearch (projectid, name, numofquotes) values (6, 'Mineral Oil', 40);
insert into scientificresearch (projectid, name, numofquotes) values (42, 'Oxymetazoline HCl', 41);
insert into scientificresearch (projectid, name, numofquotes) values (3, 'Simethicone', 61);
insert into scientificresearch (projectid, name, numofquotes) values (16, 'tretinoin', 56);
insert into scientificresearch (projectid, name, numofquotes) values (29, 'DOCUSATE SODIUM', 2);
